Url,
https://3dtvguide.lge.co.kr,
https://america.lge.co.kr,
https://b2b.lge.co.kr,
https://b2becatalog.lge.co.kr,
https://b2csso.lge.co.kr,
https://bbs.lge.co.kr,
https://bcs.lge.co.kr,
https://best.lge.co.kr,
https://bisystem.lge.co.kr,
https://bs.lge.co.kr,
https://builtin.lge.co.kr,
https://caris.lge.co.kr,
https://catalog.lge.co.kr,
https://cdn.lge.co.kr,
https://cebit.lge.co.kr,
https://changwon.lge.co.kr,
https://china.lge.co.kr,
https://chungjoo.lge.co.kr,
https://chvpn.lge.co.kr,
https://cinevu.lge.co.kr,
https://cms.lge.co.kr,
https://comdex.lge.co.kr,
https://comedu.lge.co.kr,
https://crn.lge.co.kr,
https://cshappy.lge.co.kr,
https://cyking.lge.co.kr,
https://devlive.lge.co.kr,
https://digitalsupplier.lge.co.kr,
https://dios.lge.co.kr,
https://diosbuiltin.lge.co.kr,
https://diosphoto.lge.co.kr,
https://dls2007.lge.co.kr,
https://dmzecash.lge.co.kr,
https://dreamlg.lge.co.kr,
https://drmlicense.lge.co.kr,
https://dvlp.lge.co.kr,
https://e-catalog.lge.co.kr,
https://ebid.lge.co.kr,
https://ecash.lge.co.kr,
https://ecatalog.lge.co.kr,
https://ecs.lge.co.kr,
https://ehtls.lge.co.kr,
https://emanual.lge.co.kr,
https://ems.lge.co.kr,
https://emssend.lge.co.kr,
https://epg.lge.co.kr,
https://europe.lge.co.kr,
https://event.lge.co.kr,
https://export.lge.co.kr,
https://eyesys.digital.lge.co.kr,
https://ezclick.lge.co.kr,
https://ezmessenger.lge.co.kr,
https://facephone.lge.co.kr,
https://family.lge.co.kr,
https://flatron.lge.co.kr,
https://futurescreen.lge.co.kr,
https://giant.lge.co.kr,
https://gifthouse.lge.co.kr,
https://ground220-dev.lge.co.kr,
https://ground220-stg.lge.co.kr,
https://hd.lge.co.kr,
https://healthcare.lge.co.kr,
https://helpdesk.lge.co.kr,
https://hieis.lge.co.kr,
https://himail.lge.co.kr,
https://hiplazahub.lge.co.kr,
https://hiplazamail.lge.co.kr,
https://hiplazams01.lge.co.kr,
https://hiplazams02.lge.co.kr,
https://history.lge.co.kr,
https://hometheater.lge.co.kr,
https://ht.lge.co.kr,
https://idea.lge.co.kr,
https://import.lge.co.kr,
https://infinia.lge.co.kr,
https://infinialed.lge.co.kr,
https://infiniatv.lge.co.kr,
https://info.lge.co.kr,
https://investor.lge.co.kr,
https://ir.lge.co.kr,
https://irs.lge.co.kr,
https://itti.lge.co.kr,
https://jazz.lge.co.kr,
https://kangseo.lge.co.kr,
https://kimchi.lge.co.kr,
https://kimhae.lge.co.kr,
https://klena.lge.co.kr,
https://kumi.lge.co.kr,
https://kumi1.lge.co.kr,
https://kumi2.lge.co.kr,
https://lex8.lge.co.kr,
https://lgaircleaner.lge.co.kr,
https://lgaircon.lge.co.kr,
https://lgaudio.lge.co.kr,
https://lgbuiltin.lge.co.kr,
https://lgcassettep.lge.co.kr,
https://lgcdr.lge.co.kr,
https://lgcdrw.lge.co.kr,
https://lgcom.lge.co.kr,
https://lgcup.lge.co.kr,
https://lgdishwasher.lge.co.kr,
https://lgdvdp.lge.co.kr,
https://lgeapp.lge.co.kr,
https://lgebcs.lge.co.kr,
https://lgedbp.lge.co.kr,
https://lgeehr-se3q.lge.co.kr,
https://lgerecruit.lge.co.kr,
https://lgfan.lge.co.kr,
https://lggasoven.lge.co.kr,
https://lgic.lge.co.kr,
https://lgicrecruit.lge.co.kr,
https://lgicservice.lge.co.kr,
https://lginfinia.lge.co.kr,
https://lgmicrowave.lge.co.kr,
https://lgmonitor.lge.co.kr,
https://lgmp3p.lge.co.kr,
https://lgnara.lge.co.kr,
https://lgnetwork.lge.co.kr,
https://lgnetzine.lge.co.kr,
https://lgnsys-se1q.lge.co.kr,
https://lgpack.lge.co.kr,
https://lgpccamera.lge.co.kr,
https://lgphone.lge.co.kr,
https://lgpls.lge.co.kr,
https://lgref.lge.co.kr,
https://lgrice.lge.co.kr,
https://lgrm.lge.co.kr,
https://lgsnc.lge.co.kr,
https://lgstudio.lge.co.kr,
https://lgstudiochat.lge.co.kr,
https://lgswitching.lge.co.kr,
https://lgtrans.lge.co.kr,
https://lgtrnasfer.lge.co.kr,
https://lgtv.lge.co.kr,
https://lgvac.lge.co.kr,
https://lgvideo.lge.co.kr,
https://lgwalkman.lge.co.kr,
https://lgwashing.lge.co.kr,
https://lgwb.lge.co.kr,
https://log.lge.co.kr,
https://log6.lge.co.kr,
https://m.lge.co.kr,
https://m.lge.co.kr,
https://m.lge.co.kr,
https://m.lge.co.kr,
https://mail.lge.co.kr,
https://mail.lge.co.kr,
https://mail.svcagent.lge.co.kr,
https://mail1.lge.co.kr,
https://mail11.lge.co.kr,
https://mail12.lge.co.kr,
https://mail14.lge.co.kr,
https://mail15.lge.co.kr,
https://mail16.lge.co.kr,
https://mail2.lge.co.kr,
https://mail22.lge.co.kr,
https://mail3.lge.co.kr,
https://master.lge.co.kr,
https://mcs.lge.co.kr,
https://megaround.lge.co.kr,
https://members.lge.co.kr,
https://mis.lge.co.kr,
https://monitor.lge.co.kr,
https://mov.lge.co.kr,
https://mp3.lge.co.kr,
https://mpjt.lge.co.kr,
https://navi.lge.co.kr,
https://neowin.lge.co.kr,
https://nethard.lge.co.kr,
https://nethardbeta.lge.co.kr,
https://newidea.lge.co.kr,
https://news.lge.co.kr,
https://ns.lge.co.kr,
https://ns.wm.lge.co.kr,
https://odd.lge.co.kr,
https://open.lge.co.kr,
https://partner.lge.co.kr,
https://pcb.lge.co.kr,
https://pda.lge.co.kr,
https://plaza.pcb.lge.co.kr,
https://pnd.lge.co.kr,
https://pongdang.lge.co.kr,
https://preo.lge.co.kr,
https://prinfo.lge.co.kr,
https://prinfonet.lge.co.kr,
https://product.lge.co.kr,
https://project.lge.co.kr,
https://projector.lge.co.kr,
https://ptscm05.lge.co.kr,
https://purchase.lge.co.kr,
https://pushdownload.lge.co.kr,
https://pyungtaik.lge.co.kr,
https://recruit.lge.co.kr,
https://register.ezmessenger.lge.co.kr,
https://roboking.lge.co.kr,
https://sales.lge.co.kr,
https://sales.lge.co.kr,
https://scs.lge.co.kr,
https://scsic.lge.co.kr,
https://scskm.lge.co.kr,
https://se41.lge.co.kr,
https://secmail.lge.co.kr,
https://security.lge.co.kr,
https://service.lge.co.kr,
https://signage.lge.co.kr,
https://smartappliance.lge.co.kr,
https://soccer.lge.co.kr,
https://social.lge.co.kr,
https://solar.lge.co.kr,
https://solardom.lge.co.kr,
https://sso.lge.co.kr,
https://ssp.lge.co.kr,
https://stream.lge.co.kr,
https://stylersong.lge.co.kr,
https://svc.lge.co.kr,
https://svcagent.lge.co.kr,
https://templar.digital.lge.co.kr,
https://tis.lge.co.kr,
https://tree.digital.lge.co.kr,
https://tromm.lge.co.kr,
https://truth.lge.co.kr,
https://tv.lge.co.kr,
https://twin.lge.co.kr,
https://twins.lge.co.kr,
https://u-life.lge.co.kr,
https://ukvpn.lge.co.kr,
https://usvpn.lge.co.kr,
https://vikinglg.lge.co.kr,
https://vmarket.lge.co.kr,
https://vpn2.lge.co.kr,
https://vrdev.lge.co.kr,
https://vrstg.lge.co.kr,
https://webguide.lge.co.kr,
https://wedding.lge.co.kr,
https://whisen.lge.co.kr,
https://whisenac.lge.co.kr,
https://wis.lge.co.kr,
https://wow.lge.co.kr,
https://www-org.lge.co.kr,
https://www.b2becatalog.lge.co.kr,
https://www.bid.lge.co.kr,
https://www.digital.lge.co.kr,
https://www.signage.lge.co.kr,
https://www1.lge.co.kr,
https://xcanvas.lge.co.kr,
https://xnote.lge.co.kr,
https://xpion.lge.co.kr,
https://xtick.lge.co.kr,
https://yokchon.lge.co.kr,
https://youngdong.lge.co.kr,
https://youngdong.lge.co.kr,

